[
    { "phrase": "left eye",        "box": [0.3398, 0.3391, 0.4688, 0.4121] },
    { "phrase": "right eye",       "box": [0.5117, 0.3391, 0.6406, 0.4121] },
    { "phrase": "left eyebrow",    "box": [0.3184, 0.3047, 0.4688, 0.3391] },
    { "phrase": "right eyebrow",   "box": [0.5117, 0.3047, 0.6621, 0.3391] },
    { "phrase": "nose",            "box": [0.4473, 0.4035, 0.5332, 0.5195] },
    { "phrase": "mouth upper lip", "box": [0.4258, 0.5410, 0.5547, 0.5969] },
    { "phrase": "mouth lower lip", "box": [0.4258, 0.5969, 0.5547, 0.6570] },
    { "phrase": "left cheek",      "box": [0.2969, 0.4336, 0.4258, 0.5410] },
    { "phrase": "right cheek",     "box": [0.5547, 0.4336, 0.6836, 0.5410] },
    { "phrase": "chin",            "box": [0.4043, 0.6270, 0.5762, 0.6828] },
    { "phrase": "hair",            "box": [0.2754, 0.1543, 0.7051, 0.2617] },
    { "phrase": "neck",            "box": [0.3828, 0.6914, 0.5977, 0.7559] }
  ]